time_id,date,hour,temp_celsius,weather_desc
1,2025-03-01,0,22.7,Partly Cloudy
2,2025-03-01,1,25.3,Clear
3,2025-03-01,2,18.8,Clear
4,2025-03-01,3,21.2,Mild
5,2025-03-01,4,22.9,Clear
6,2025-03-01,5,29.7,Clear
7,2025-03-01,6,27.5,Clear
8,2025-03-01,7,22.7,Clear
9,2025-03-01,8,25.7,Clear
10,2025-03-01,9,24.1,Partly Cloudy
11,2025-03-01,10,20.4,Partly Cloudy
12,2025-03-01,11,21.1,Hot
13,2025-03-01,12,20.5,Partly Cloudy
14,2025-03-01,13,23.4,Partly Cloudy
15,2025-03-01,14,24.2,Partly Cloudy
16,2025-03-01,15,18.4,Hot
17,2025-03-01,16,27.0,Dusty
18,2025-03-01,17,24.0,Partly Cloudy
19,2025-03-01,18,23.4,Partly Cloudy
20,2025-03-01,19,23.0,Hot
21,2025-03-01,20,28.8,Clear
22,2025-03-01,21,23.5,Clear
23,2025-03-01,22,23.6,Dusty
24,2025-03-01,23,26.3,Clear
25,2025-03-02,0,24.2,Dusty
26,2025-03-02,1,26.6,Clear
27,2025-03-02,2,24.6,Hot
28,2025-03-02,3,24.6,Partly Cloudy
29,2025-03-02,4,28.0,Clear
30,2025-03-02,5,24.3,Dusty
31,2025-03-02,6,21.8,Clear
32,2025-03-02,7,20.8,Partly Cloudy
33,2025-03-02,8,24.8,Clear
34,2025-03-02,9,21.8,Clear
35,2025-03-02,10,27.0,Clear
36,2025-03-02,11,25.6,Clear
37,2025-03-02,12,23.9,Dusty
38,2025-03-02,13,22.9,Clear
39,2025-03-02,14,24.7,Dusty
40,2025-03-02,15,26.8,Clear
41,2025-03-02,16,27.6,Clear
42,2025-03-02,17,21.5,Partly Cloudy
43,2025-03-02,18,30.9,Partly Cloudy
44,2025-03-02,19,23.3,Clear
45,2025-03-02,20,21.7,Mild
46,2025-03-02,21,30.0,Clear
47,2025-03-02,22,29.0,Dusty
48,2025-03-02,23,28.2,Clear
49,2025-03-03,0,23.4,Dusty
50,2025-03-03,1,28.7,Dusty
51,2025-03-03,2,25.2,Mild
52,2025-03-03,3,21.4,Partly Cloudy
53,2025-03-03,4,23.6,Partly Cloudy
54,2025-03-03,5,21.9,Dusty
55,2025-03-03,6,28.5,Clear
56,2025-03-03,7,29.3,Dusty
57,2025-03-03,8,22.7,Clear
58,2025-03-03,9,25.4,Hot
59,2025-03-03,10,27.1,Partly Cloudy
60,2025-03-03,11,22.5,Mild
61,2025-03-03,12,28.9,Hot
62,2025-03-03,13,23.1,Dusty
63,2025-03-03,14,22.0,Clear
64,2025-03-03,15,23.7,Clear
65,2025-03-03,16,25.1,Clear
66,2025-03-03,17,23.7,Hot
67,2025-03-03,18,30.0,Clear
68,2025-03-03,19,26.4,Hot
69,2025-03-03,20,22.2,Dusty
70,2025-03-03,21,27.5,Clear
71,2025-03-03,22,22.2,Clear
72,2025-03-03,23,31.2,Clear
73,2025-03-04,0,23.0,Clear
74,2025-03-04,1,25.4,Clear
75,2025-03-04,2,27.3,Clear
76,2025-03-04,3,24.5,Partly Cloudy
77,2025-03-04,4,23.9,Clear
78,2025-03-04,5,27.7,Clear
79,2025-03-04,6,22.3,Partly Cloudy
80,2025-03-04,7,30.1,Clear
81,2025-03-04,8,23.2,Hot
82,2025-03-04,9,23.3,Hot
83,2025-03-04,10,26.7,Clear
84,2025-03-04,11,20.6,Dusty
85,2025-03-04,12,27.2,Partly Cloudy
86,2025-03-04,13,25.1,Mild
87,2025-03-04,14,28.3,Hot
88,2025-03-04,15,27.1,Partly Cloudy
89,2025-03-04,16,30.1,Clear
90,2025-03-04,17,24.8,Partly Cloudy
91,2025-03-04,18,29.9,Clear
92,2025-03-04,19,27.6,Hot
93,2025-03-04,20,26.1,Partly Cloudy
94,2025-03-04,21,28.3,Dusty
95,2025-03-04,22,25.4,Clear
96,2025-03-04,23,26.0,Partly Cloudy
97,2025-03-05,0,26.2,Partly Cloudy
98,2025-03-05,1,28.4,Partly Cloudy
99,2025-03-05,2,27.5,Clear
100,2025-03-05,3,21.6,Partly Cloudy
101,2025-03-05,4,32.3,Clear
102,2025-03-05,5,33.2,Clear
103,2025-03-05,6,26.2,Partly Cloudy
104,2025-03-05,7,30.6,Partly Cloudy
105,2025-03-05,8,29.8,Dusty
106,2025-03-05,9,26.9,Clear
107,2025-03-05,10,27.7,Clear
108,2025-03-05,11,31.5,Partly Cloudy
109,2025-03-05,12,23.5,Dusty
110,2025-03-05,13,30.9,Clear
111,2025-03-05,14,32.2,Dusty
112,2025-03-05,15,26.6,Clear
113,2025-03-05,16,33.0,Dusty
114,2025-03-05,17,31.0,Clear
115,2025-03-05,18,31.9,Dusty
116,2025-03-05,19,28.4,Hot
117,2025-03-05,20,25.6,Partly Cloudy
118,2025-03-05,21,27.6,Dusty
119,2025-03-05,22,22.0,Dusty
120,2025-03-05,23,26.4,Partly Cloudy
121,2025-03-06,0,30.9,Clear
122,2025-03-06,1,26.4,Partly Cloudy
123,2025-03-06,2,30.1,Mild
124,2025-03-06,3,35.1,Clear
125,2025-03-06,4,27.5,Partly Cloudy
126,2025-03-06,5,30.1,Clear
127,2025-03-06,6,24.5,Partly Cloudy
128,2025-03-06,7,32.0,Clear
129,2025-03-06,8,32.1,Partly Cloudy
130,2025-03-06,9,27.3,Clear
131,2025-03-06,10,26.5,Hot
132,2025-03-06,11,28.1,Dusty
133,2025-03-06,12,25.7,Partly Cloudy
134,2025-03-06,13,31.1,Partly Cloudy
135,2025-03-06,14,32.7,Dusty
136,2025-03-06,15,29.9,Hot
137,2025-03-06,16,24.2,Partly Cloudy
138,2025-03-06,17,34.4,Clear
139,2025-03-06,18,31.1,Partly Cloudy
140,2025-03-06,19,30.4,Partly Cloudy
141,2025-03-06,20,25.0,Partly Cloudy
142,2025-03-06,21,29.5,Clear
143,2025-03-06,22,30.0,Partly Cloudy
144,2025-03-06,23,30.2,Clear
145,2025-03-07,0,31.7,Partly Cloudy
146,2025-03-07,1,27.5,Hot
147,2025-03-07,2,28.6,Hot
148,2025-03-07,3,27.8,Mild
149,2025-03-07,4,29.4,Dusty
150,2025-03-07,5,24.7,Clear
151,2025-03-07,6,33.1,Dusty
152,2025-03-07,7,31.7,Partly Cloudy
153,2025-03-07,8,32.6,Dusty
154,2025-03-07,9,29.8,Partly Cloudy
155,2025-03-07,10,31.2,Partly Cloudy
156,2025-03-07,11,28.9,Partly Cloudy
157,2025-03-07,12,35.2,Clear
158,2025-03-07,13,26.7,Partly Cloudy
159,2025-03-07,14,26.4,Partly Cloudy
160,2025-03-07,15,30.2,Dusty
161,2025-03-07,16,31.1,Partly Cloudy
162,2025-03-07,17,37.7,Partly Cloudy
163,2025-03-07,18,33.8,Clear
164,2025-03-07,19,32.3,Clear
165,2025-03-07,20,28.1,Partly Cloudy
166,2025-03-07,21,27.9,Clear
167,2025-03-07,22,27.9,Clear
168,2025-03-07,23,33.2,Partly Cloudy
169,2025-03-08,0,33.7,Clear
170,2025-03-08,1,33.6,Partly Cloudy
171,2025-03-08,2,28.1,Clear
172,2025-03-08,3,26.7,Dusty
173,2025-03-08,4,31.3,Clear
174,2025-03-08,5,32.5,Clear
175,2025-03-08,6,31.8,Clear
176,2025-03-08,7,33.5,Hot
177,2025-03-08,8,33.7,Partly Cloudy
178,2025-03-08,9,35.0,Clear
179,2025-03-08,10,33.6,Hot
180,2025-03-08,11,26.5,Clear
181,2025-03-08,12,29.3,Partly Cloudy
182,2025-03-08,13,30.7,Dusty
183,2025-03-08,14,37.0,Clear
184,2025-03-08,15,29.4,Partly Cloudy
185,2025-03-08,16,30.6,Hot
186,2025-03-08,17,30.9,Clear
187,2025-03-08,18,33.7,Clear
188,2025-03-08,19,30.7,Partly Cloudy
189,2025-03-08,20,32.5,Partly Cloudy
190,2025-03-08,21,27.5,Dusty
191,2025-03-08,22,32.0,Clear
192,2025-03-08,23,35.3,Dusty
193,2025-03-09,0,33.5,Clear
194,2025-03-09,1,31.1,Partly Cloudy
195,2025-03-09,2,34.5,Hot
196,2025-03-09,3,34.4,Clear
197,2025-03-09,4,33.2,Clear
198,2025-03-09,5,34.0,Clear
199,2025-03-09,6,35.2,Partly Cloudy
200,2025-03-09,7,29.9,Clear
201,2025-03-09,8,30.3,Partly Cloudy
202,2025-03-09,9,34.1,Clear
203,2025-03-09,10,37.3,Partly Cloudy
204,2025-03-09,11,31.8,Clear
205,2025-03-09,12,29.1,Partly Cloudy
206,2025-03-09,13,35.9,Partly Cloudy
207,2025-03-09,14,31.3,Partly Cloudy
208,2025-03-09,15,31.1,Dusty
209,2025-03-09,16,25.2,Clear
210,2025-03-09,17,32.0,Clear
211,2025-03-09,18,34.2,Clear
212,2025-03-09,19,29.4,Hot
213,2025-03-09,20,35.1,Clear
214,2025-03-09,21,29.4,Clear
215,2025-03-09,22,30.6,Clear
216,2025-03-09,23,29.6,Partly Cloudy
217,2025-03-10,0,29.8,Partly Cloudy
218,2025-03-10,1,28.0,Clear
219,2025-03-10,2,31.5,Hot
220,2025-03-10,3,31.3,Clear
221,2025-03-10,4,31.6,Clear
222,2025-03-10,5,33.2,Clear
223,2025-03-10,6,27.6,Clear
224,2025-03-10,7,34.1,Partly Cloudy
225,2025-03-10,8,34.4,Clear
226,2025-03-10,9,32.2,Partly Cloudy
227,2025-03-10,10,34.4,Dusty
228,2025-03-10,11,32.5,Clear
229,2025-03-10,12,38.2,Partly Cloudy
230,2025-03-10,13,36.0,Dusty
231,2025-03-10,14,35.3,Partly Cloudy
232,2025-03-10,15,28.8,Dusty
233,2025-03-10,16,32.9,Dusty
234,2025-03-10,17,35.1,Clear
235,2025-03-10,18,35.9,Hot
236,2025-03-10,19,32.9,Clear
237,2025-03-10,20,39.1,Partly Cloudy
238,2025-03-10,21,34.5,Partly Cloudy
239,2025-03-10,22,31.3,Partly Cloudy
240,2025-03-10,23,31.2,Partly Cloudy
241,2025-03-11,0,34.8,Partly Cloudy
242,2025-03-11,1,35.7,Dusty
243,2025-03-11,2,35.0,Dusty
244,2025-03-11,3,32.8,Clear
245,2025-03-11,4,36.7,Clear
246,2025-03-11,5,29.0,Partly Cloudy
247,2025-03-11,6,31.7,Clear
248,2025-03-11,7,34.0,Clear
249,2025-03-11,8,36.1,Partly Cloudy
250,2025-03-11,9,34.9,Partly Cloudy
251,2025-03-11,10,30.4,Mild
252,2025-03-11,11,36.9,Partly Cloudy
253,2025-03-11,12,38.2,Mild
254,2025-03-11,13,39.0,Partly Cloudy
255,2025-03-11,14,34.7,Mild
256,2025-03-11,15,40.1,Clear
257,2025-03-11,16,35.6,Partly Cloudy
258,2025-03-11,17,34.8,Partly Cloudy
259,2025-03-11,18,34.0,Hot
260,2025-03-11,19,31.7,Dusty
261,2025-03-11,20,32.9,Clear
262,2025-03-11,21,34.0,Partly Cloudy
263,2025-03-11,22,32.7,Clear
264,2025-03-11,23,33.9,Clear
265,2025-03-12,0,27.3,Clear
266,2025-03-12,1,36.9,Partly Cloudy
267,2025-03-12,2,28.8,Clear
268,2025-03-12,3,34.5,Clear
269,2025-03-12,4,34.3,Partly Cloudy
270,2025-03-12,5,33.7,Clear
271,2025-03-12,6,32.2,Clear
272,2025-03-12,7,36.6,Partly Cloudy
273,2025-03-12,8,35.7,Partly Cloudy
274,2025-03-12,9,36.4,Partly Cloudy
275,2025-03-12,10,32.1,Clear
276,2025-03-12,11,37.3,Clear
277,2025-03-12,12,31.0,Partly Cloudy
278,2025-03-12,13,34.9,Dusty
279,2025-03-12,14,30.7,Partly Cloudy
280,2025-03-12,15,36.4,Hot
281,2025-03-12,16,31.4,Clear
282,2025-03-12,17,37.4,Partly Cloudy
283,2025-03-12,18,29.0,Clear
284,2025-03-12,19,30.3,Clear
285,2025-03-12,20,33.5,Dusty
286,2025-03-12,21,34.6,Clear
287,2025-03-12,22,38.4,Dusty
288,2025-03-12,23,34.7,Clear
289,2025-03-13,0,36.2,Clear
290,2025-03-13,1,31.2,Dusty
291,2025-03-13,2,33.3,Clear
292,2025-03-13,3,31.7,Partly Cloudy
293,2025-03-13,4,33.7,Clear
294,2025-03-13,5,34.6,Dusty
295,2025-03-13,6,32.3,Clear
296,2025-03-13,7,35.8,Clear
297,2025-03-13,8,36.4,Dusty
298,2025-03-13,9,28.5,Partly Cloudy
299,2025-03-13,10,30.5,Dusty
300,2025-03-13,11,31.9,Clear
301,2025-03-13,12,32.6,Partly Cloudy
302,2025-03-13,13,34.4,Dusty
303,2025-03-13,14,34.8,Partly Cloudy
304,2025-03-13,15,31.1,Hot
305,2025-03-13,16,33.5,Partly Cloudy
306,2025-03-13,17,32.3,Partly Cloudy
307,2025-03-13,18,37.8,Hot
308,2025-03-13,19,33.7,Dusty
309,2025-03-13,20,32.4,Partly Cloudy
310,2025-03-13,21,36.5,Clear
311,2025-03-13,22,32.7,Clear
312,2025-03-13,23,29.3,Clear
313,2025-03-14,0,33.4,Clear
314,2025-03-14,1,32.4,Dusty
315,2025-03-14,2,30.9,Clear
316,2025-03-14,3,35.3,Mild
317,2025-03-14,4,35.1,Clear
318,2025-03-14,5,35.2,Clear
319,2025-03-14,6,41.5,Clear
320,2025-03-14,7,33.2,Mild
321,2025-03-14,8,27.5,Clear
322,2025-03-14,9,32.9,Clear
323,2025-03-14,10,33.1,Partly Cloudy
324,2025-03-14,11,35.9,Mild
325,2025-03-14,12,37.4,Hot
326,2025-03-14,13,35.3,Clear
327,2025-03-14,14,28.6,Clear
328,2025-03-14,15,33.5,Clear
329,2025-03-14,16,33.9,Clear
330,2025-03-14,17,30.6,Dusty
331,2025-03-14,18,37.0,Partly Cloudy
332,2025-03-14,19,33.4,Partly Cloudy
333,2025-03-14,20,32.0,Clear
334,2025-03-14,21,34.4,Hot
335,2025-03-14,22,31.8,Dusty
336,2025-03-14,23,34.9,Partly Cloudy
337,2025-03-15,0,37.0,Hot
338,2025-03-15,1,34.1,Clear
339,2025-03-15,2,31.5,Dusty
340,2025-03-15,3,30.8,Hot
341,2025-03-15,4,35.4,Partly Cloudy
342,2025-03-15,5,32.3,Partly Cloudy
343,2025-03-15,6,33.9,Partly Cloudy
344,2025-03-15,7,32.5,Clear
345,2025-03-15,8,33.5,Dusty
346,2025-03-15,9,38.0,Clear
347,2025-03-15,10,32.7,Clear
348,2025-03-15,11,34.8,Dusty
349,2025-03-15,12,31.7,Partly Cloudy
350,2025-03-15,13,33.4,Mild
351,2025-03-15,14,33.7,Dusty
352,2025-03-15,15,33.7,Mild
353,2025-03-15,16,34.4,Clear
354,2025-03-15,17,31.7,Partly Cloudy
355,2025-03-15,18,34.0,Clear
356,2025-03-15,19,39.2,Clear
357,2025-03-15,20,32.3,Clear
358,2025-03-15,21,37.3,Partly Cloudy
359,2025-03-15,22,41.3,Clear
360,2025-03-15,23,34.3,Clear
361,2025-03-16,0,39.1,Clear
362,2025-03-16,1,31.1,Partly Cloudy
363,2025-03-16,2,38.7,Dusty
364,2025-03-16,3,35.6,Partly Cloudy
365,2025-03-16,4,38.7,Clear
366,2025-03-16,5,32.3,Clear
367,2025-03-16,6,35.5,Partly Cloudy
368,2025-03-16,7,31.6,Partly Cloudy
369,2025-03-16,8,34.0,Clear
370,2025-03-16,9,29.8,Clear
371,2025-03-16,10,34.7,Dusty
372,2025-03-16,11,32.4,Dusty
373,2025-03-16,12,32.9,Clear
374,2025-03-16,13,37.5,Partly Cloudy
375,2025-03-16,14,27.9,Clear
376,2025-03-16,15,32.1,Partly Cloudy
377,2025-03-16,16,32.2,Partly Cloudy
378,2025-03-16,17,36.1,Mild
379,2025-03-16,18,38.4,Partly Cloudy
380,2025-03-16,19,34.2,Dusty
381,2025-03-16,20,33.5,Hot
382,2025-03-16,21,38.3,Partly Cloudy
383,2025-03-16,22,36.2,Hot
384,2025-03-16,23,34.9,Clear
385,2025-03-17,0,38.3,Partly Cloudy
386,2025-03-17,1,35.2,Hot
387,2025-03-17,2,33.1,Mild
388,2025-03-17,3,38.7,Partly Cloudy
389,2025-03-17,4,36.0,Partly Cloudy
390,2025-03-17,5,32.9,Clear
391,2025-03-17,6,31.8,Partly Cloudy
392,2025-03-17,7,34.6,Dusty
393,2025-03-17,8,35.7,Clear
394,2025-03-17,9,34.0,Dusty
395,2025-03-17,10,33.2,Clear
396,2025-03-17,11,35.1,Dusty
397,2025-03-17,12,40.1,Clear
398,2025-03-17,13,36.0,Dusty
399,2025-03-17,14,36.5,Partly Cloudy
400,2025-03-17,15,34.6,Clear
401,2025-03-17,16,36.1,Partly Cloudy
402,2025-03-17,17,34.9,Partly Cloudy
403,2025-03-17,18,37.0,Mild
404,2025-03-17,19,34.3,Mild
405,2025-03-17,20,36.6,Partly Cloudy
406,2025-03-17,21,35.1,Dusty
407,2025-03-17,22,37.1,Partly Cloudy
408,2025-03-17,23,31.0,Clear
409,2025-03-18,0,33.7,Dusty
410,2025-03-18,1,40.5,Partly Cloudy
411,2025-03-18,2,40.0,Clear
412,2025-03-18,3,42.6,Partly Cloudy
413,2025-03-18,4,36.2,Partly Cloudy
414,2025-03-18,5,33.9,Partly Cloudy
415,2025-03-18,6,37.4,Clear
416,2025-03-18,7,33.2,Dusty
417,2025-03-18,8,37.9,Clear
418,2025-03-18,9,31.7,Clear
419,2025-03-18,10,37.0,Hot
420,2025-03-18,11,29.7,Dusty
421,2025-03-18,12,34.8,Dusty
422,2025-03-18,13,40.0,Partly Cloudy
423,2025-03-18,14,29.2,Clear
424,2025-03-18,15,35.8,Dusty
425,2025-03-18,16,33.2,Hot
426,2025-03-18,17,39.4,Hot
427,2025-03-18,18,29.1,Clear
428,2025-03-18,19,30.5,Clear
429,2025-03-18,20,41.7,Dusty
430,2025-03-18,21,33.2,Dusty
431,2025-03-18,22,34.1,Partly Cloudy
432,2025-03-18,23,33.3,Partly Cloudy
433,2025-03-19,0,36.3,Dusty
434,2025-03-19,1,33.3,Clear
435,2025-03-19,2,33.8,Hot
436,2025-03-19,3,31.6,Clear
437,2025-03-19,4,35.0,Clear
438,2025-03-19,5,35.8,Dusty
439,2025-03-19,6,37.8,Mild
440,2025-03-19,7,36.1,Partly Cloudy
441,2025-03-19,8,35.5,Partly Cloudy
442,2025-03-19,9,34.2,Clear
443,2025-03-19,10,38.5,Hot
444,2025-03-19,11,30.4,Partly Cloudy
445,2025-03-19,12,32.7,Partly Cloudy
446,2025-03-19,13,32.9,Mild
447,2025-03-19,14,31.8,Dusty
448,2025-03-19,15,35.0,Dusty
449,2025-03-19,16,33.5,Clear
450,2025-03-19,17,36.1,Partly Cloudy
451,2025-03-19,18,30.9,Partly Cloudy
452,2025-03-19,19,34.5,Clear
453,2025-03-19,20,38.4,Clear
454,2025-03-19,21,31.4,Partly Cloudy
455,2025-03-19,22,32.5,Partly Cloudy
456,2025-03-19,23,34.9,Clear
457,2025-03-20,0,32.0,Dusty
458,2025-03-20,1,32.1,Partly Cloudy
459,2025-03-20,2,32.4,Partly Cloudy
460,2025-03-20,3,33.2,Clear
461,2025-03-20,4,31.5,Clear
462,2025-03-20,5,42.7,Partly Cloudy
463,2025-03-20,6,31.0,Partly Cloudy
464,2025-03-20,7,33.2,Clear
465,2025-03-20,8,39.3,Dusty
466,2025-03-20,9,34.0,Clear
467,2025-03-20,10,34.1,Clear
468,2025-03-20,11,28.0,Partly Cloudy
469,2025-03-20,12,36.2,Clear
470,2025-03-20,13,35.3,Mild
471,2025-03-20,14,33.8,Partly Cloudy
472,2025-03-20,15,30.8,Clear
473,2025-03-20,16,32.2,Clear
474,2025-03-20,17,33.5,Partly Cloudy
475,2025-03-20,18,36.7,Clear
476,2025-03-20,19,34.5,Clear
477,2025-03-20,20,27.2,Partly Cloudy
478,2025-03-20,21,28.8,Clear
479,2025-03-20,22,31.9,Hot
480,2025-03-20,23,36.7,Dusty
481,2025-03-21,0,28.4,Partly Cloudy
482,2025-03-21,1,33.3,Hot
483,2025-03-21,2,32.3,Partly Cloudy
484,2025-03-21,3,32.7,Mild
485,2025-03-21,4,36.3,Partly Cloudy
486,2025-03-21,5,36.8,Clear
487,2025-03-21,6,33.8,Clear
488,2025-03-21,7,28.0,Hot
489,2025-03-21,8,36.2,Clear
490,2025-03-21,9,36.8,Clear
491,2025-03-21,10,30.7,Partly Cloudy
492,2025-03-21,11,30.6,Partly Cloudy
493,2025-03-21,12,37.5,Clear
494,2025-03-21,13,30.6,Clear
495,2025-03-21,14,36.3,Clear
496,2025-03-21,15,34.3,Clear
497,2025-03-21,16,35.5,Clear
498,2025-03-21,17,33.3,Partly Cloudy
499,2025-03-21,18,35.3,Hot
500,2025-03-21,19,27.8,Clear
501,2025-03-21,20,30.2,Clear
502,2025-03-21,21,30.3,Dusty
503,2025-03-21,22,31.1,Partly Cloudy
504,2025-03-21,23,32.7,Partly Cloudy
505,2025-03-22,0,34.3,Partly Cloudy
506,2025-03-22,1,34.8,Dusty
507,2025-03-22,2,28.4,Dusty
508,2025-03-22,3,33.2,Dusty
509,2025-03-22,4,31.0,Clear
510,2025-03-22,5,29.9,Partly Cloudy
511,2025-03-22,6,36.9,Partly Cloudy
512,2025-03-22,7,31.7,Dusty
513,2025-03-22,8,33.1,Mild
514,2025-03-22,9,30.1,Clear
515,2025-03-22,10,34.4,Clear
516,2025-03-22,11,31.0,Mild
517,2025-03-22,12,30.4,Hot
518,2025-03-22,13,30.4,Partly Cloudy
519,2025-03-22,14,34.9,Clear
520,2025-03-22,15,37.2,Dusty
521,2025-03-22,16,34.4,Hot
522,2025-03-22,17,27.3,Dusty
523,2025-03-22,18,31.3,Clear
524,2025-03-22,19,39.7,Clear
525,2025-03-22,20,33.4,Clear
526,2025-03-22,21,31.2,Partly Cloudy
527,2025-03-22,22,32.8,Partly Cloudy
528,2025-03-22,23,28.6,Dusty
529,2025-03-23,0,31.6,Dusty
530,2025-03-23,1,30.0,Partly Cloudy
531,2025-03-23,2,31.1,Mild
532,2025-03-23,3,33.7,Clear
533,2025-03-23,4,35.1,Partly Cloudy
534,2025-03-23,5,29.1,Partly Cloudy
535,2025-03-23,6,27.8,Partly Cloudy
536,2025-03-23,7,33.1,Clear
537,2025-03-23,8,32.8,Dusty
538,2025-03-23,9,33.5,Dusty
539,2025-03-23,10,28.6,Partly Cloudy
540,2025-03-23,11,34.0,Clear
541,2025-03-23,12,30.0,Clear
542,2025-03-23,13,34.4,Clear
543,2025-03-23,14,33.2,Clear
544,2025-03-23,15,31.9,Clear
545,2025-03-23,16,29.1,Partly Cloudy
546,2025-03-23,17,28.3,Partly Cloudy
547,2025-03-23,18,29.5,Partly Cloudy
548,2025-03-23,19,28.6,Clear
549,2025-03-23,20,32.2,Partly Cloudy
550,2025-03-23,21,30.7,Clear
551,2025-03-23,22,31.9,Dusty
552,2025-03-23,23,30.9,Dusty
553,2025-03-24,0,31.6,Partly Cloudy
554,2025-03-24,1,31.3,Dusty
555,2025-03-24,2,31.1,Hot
556,2025-03-24,3,32.0,Partly Cloudy
557,2025-03-24,4,27.4,Clear
558,2025-03-24,5,28.5,Partly Cloudy
559,2025-03-24,6,29.1,Partly Cloudy
560,2025-03-24,7,23.5,Clear
561,2025-03-24,8,35.7,Partly Cloudy
562,2025-03-24,9,28.8,Clear
563,2025-03-24,10,31.2,Clear
564,2025-03-24,11,29.6,Clear
565,2025-03-24,12,28.6,Clear
566,2025-03-24,13,27.7,Clear
567,2025-03-24,14,32.2,Partly Cloudy
568,2025-03-24,15,32.0,Partly Cloudy
569,2025-03-24,16,31.0,Partly Cloudy
570,2025-03-24,17,33.9,Partly Cloudy
571,2025-03-24,18,32.4,Clear
572,2025-03-24,19,29.3,Clear
573,2025-03-24,20,30.8,Partly Cloudy
574,2025-03-24,21,29.6,Partly Cloudy
575,2025-03-24,22,36.0,Partly Cloudy
576,2025-03-24,23,30.9,Clear
577,2025-03-25,0,24.2,Partly Cloudy
578,2025-03-25,1,36.5,Hot
579,2025-03-25,2,26.2,Clear
580,2025-03-25,3,36.2,Partly Cloudy
581,2025-03-25,4,30.4,Clear
582,2025-03-25,5,30.5,Clear
583,2025-03-25,6,31.3,Clear
584,2025-03-25,7,29.7,Mild
585,2025-03-25,8,31.9,Clear
586,2025-03-25,9,29.1,Clear
587,2025-03-25,10,25.9,Hot
588,2025-03-25,11,31.1,Dusty
589,2025-03-25,12,30.8,Partly Cloudy
590,2025-03-25,13,30.0,Partly Cloudy
591,2025-03-25,14,33.3,Partly Cloudy
592,2025-03-25,15,31.2,Clear
593,2025-03-25,16,31.4,Clear
594,2025-03-25,17,30.3,Clear
595,2025-03-25,18,27.1,Hot
596,2025-03-25,19,27.9,Hot
597,2025-03-25,20,30.0,Partly Cloudy
598,2025-03-25,21,27.6,Clear
599,2025-03-25,22,31.0,Partly Cloudy
600,2025-03-25,23,31.4,Partly Cloudy
601,2025-03-26,0,31.4,Dusty
602,2025-03-26,1,33.5,Partly Cloudy
603,2025-03-26,2,26.9,Clear
604,2025-03-26,3,23.4,Clear
605,2025-03-26,4,29.5,Clear
606,2025-03-26,5,32.2,Clear
607,2025-03-26,6,27.2,Hot
608,2025-03-26,7,28.5,Clear
609,2025-03-26,8,29.3,Clear
610,2025-03-26,9,28.5,Partly Cloudy
611,2025-03-26,10,30.5,Clear
612,2025-03-26,11,29.3,Partly Cloudy
613,2025-03-26,12,24.8,Partly Cloudy
614,2025-03-26,13,34.2,Partly Cloudy
615,2025-03-26,14,30.9,Partly Cloudy
616,2025-03-26,15,29.0,Clear
617,2025-03-26,16,29.2,Clear
618,2025-03-26,17,25.8,Clear
619,2025-03-26,18,25.2,Clear
620,2025-03-26,19,26.0,Dusty
621,2025-03-26,20,30.8,Clear
622,2025-03-26,21,33.7,Partly Cloudy
623,2025-03-26,22,31.3,Partly Cloudy
624,2025-03-26,23,27.7,Partly Cloudy
625,2025-03-27,0,30.3,Clear
626,2025-03-27,1,32.6,Dusty
627,2025-03-27,2,26.2,Clear
628,2025-03-27,3,31.7,Clear
629,2025-03-27,4,30.5,Clear
630,2025-03-27,5,25.7,Partly Cloudy
631,2025-03-27,6,29.9,Clear
632,2025-03-27,7,34.6,Partly Cloudy
633,2025-03-27,8,27.3,Hot
634,2025-03-27,9,31.0,Dusty
635,2025-03-27,10,27.2,Mild
636,2025-03-27,11,30.7,Dusty
637,2025-03-27,12,25.7,Partly Cloudy
638,2025-03-27,13,26.7,Clear
639,2025-03-27,14,28.8,Hot
640,2025-03-27,15,31.5,Partly Cloudy
641,2025-03-27,16,31.7,Dusty
642,2025-03-27,17,26.5,Partly Cloudy
643,2025-03-27,18,30.5,Partly Cloudy
644,2025-03-27,19,30.0,Clear
645,2025-03-27,20,32.4,Partly Cloudy
646,2025-03-27,21,26.3,Partly Cloudy
647,2025-03-27,22,25.6,Dusty
648,2025-03-27,23,31.3,Partly Cloudy
649,2025-03-28,0,24.0,Clear
650,2025-03-28,1,25.7,Clear
651,2025-03-28,2,25.0,Partly Cloudy
652,2025-03-28,3,28.3,Hot
653,2025-03-28,4,24.9,Clear
654,2025-03-28,5,24.7,Partly Cloudy
655,2025-03-28,6,28.6,Dusty
656,2025-03-28,7,31.9,Hot
657,2025-03-28,8,28.9,Partly Cloudy
658,2025-03-28,9,28.8,Dusty
659,2025-03-28,10,26.6,Clear
660,2025-03-28,11,27.8,Clear
661,2025-03-28,12,25.8,Clear
662,2025-03-28,13,25.3,Partly Cloudy
663,2025-03-28,14,22.9,Clear
664,2025-03-28,15,25.7,Dusty
665,2025-03-28,16,26.3,Dusty
666,2025-03-28,17,29.2,Partly Cloudy
667,2025-03-28,18,26.9,Partly Cloudy
668,2025-03-28,19,25.8,Partly Cloudy
669,2025-03-28,20,21.9,Dusty
670,2025-03-28,21,21.0,Partly Cloudy
671,2025-03-28,22,26.1,Clear
672,2025-03-28,23,25.0,Partly Cloudy
673,2025-03-29,0,26.4,Partly Cloudy
674,2025-03-29,1,24.1,Partly Cloudy
675,2025-03-29,2,27.0,Clear
676,2025-03-29,3,22.9,Clear
677,2025-03-29,4,29.0,Clear
678,2025-03-29,5,29.2,Dusty
679,2025-03-29,6,16.2,Clear
680,2025-03-29,7,25.1,Clear
681,2025-03-29,8,21.3,Partly Cloudy
682,2025-03-29,9,25.3,Dusty
683,2025-03-29,10,20.9,Clear
684,2025-03-29,11,18.3,Partly Cloudy
685,2025-03-29,12,25.4,Clear
686,2025-03-29,13,26.4,Clear
687,2025-03-29,14,25.6,Dusty
688,2025-03-29,15,30.9,Dusty
689,2025-03-29,16,27.4,Clear
690,2025-03-29,17,23.9,Partly Cloudy
691,2025-03-29,18,22.1,Partly Cloudy
692,2025-03-29,19,23.4,Clear
693,2025-03-29,20,23.5,Dusty
694,2025-03-29,21,26.3,Dusty
695,2025-03-29,22,23.7,Partly Cloudy
696,2025-03-29,23,25.6,Dusty
697,2025-03-30,0,26.0,Clear
698,2025-03-30,1,25.2,Partly Cloudy
699,2025-03-30,2,23.4,Partly Cloudy
700,2025-03-30,3,25.9,Clear
701,2025-03-30,4,27.9,Hot
702,2025-03-30,5,18.3,Partly Cloudy
703,2025-03-30,6,29.9,Partly Cloudy
704,2025-03-30,7,21.8,Dusty
705,2025-03-30,8,20.1,Clear
706,2025-03-30,9,26.7,Partly Cloudy
707,2025-03-30,10,25.1,Dusty
708,2025-03-30,11,24.7,Partly Cloudy
709,2025-03-30,12,25.9,Hot
710,2025-03-30,13,26.0,Clear
711,2025-03-30,14,25.6,Hot
712,2025-03-30,15,24.2,Clear
713,2025-03-30,16,14.7,Partly Cloudy
714,2025-03-30,17,25.9,Dusty
715,2025-03-30,18,25.5,Partly Cloudy
716,2025-03-30,19,21.9,Partly Cloudy
717,2025-03-30,20,22.0,Clear
718,2025-03-30,21,25.2,Partly Cloudy
719,2025-03-30,22,22.1,Hot
720,2025-03-30,23,19.5,Dusty
721,2025-03-31,0,19.4,Dusty
722,2025-03-31,1,24.4,Clear
723,2025-03-31,2,24.1,Clear
724,2025-03-31,3,27.3,Dusty
725,2025-03-31,4,20.5,Partly Cloudy
726,2025-03-31,5,26.1,Partly Cloudy
727,2025-03-31,6,23.1,Partly Cloudy
728,2025-03-31,7,20.0,Clear
729,2025-03-31,8,24.0,Clear
730,2025-03-31,9,24.7,Partly Cloudy
731,2025-03-31,10,27.9,Mild
732,2025-03-31,11,19.7,Clear
733,2025-03-31,12,18.0,Mild
734,2025-03-31,13,25.6,Mild
735,2025-03-31,14,21.2,Clear
736,2025-03-31,15,23.2,Partly Cloudy
737,2025-03-31,16,21.7,Mild
738,2025-03-31,17,23.0,Dusty
739,2025-03-31,18,18.8,Partly Cloudy
740,2025-03-31,19,31.4,Partly Cloudy
741,2025-03-31,20,21.5,Dusty
742,2025-03-31,21,21.6,Partly Cloudy
743,2025-03-31,22,19.4,Dusty
744,2025-03-31,23,22.6,Mild
745,2025-04-01,0,23.6,Dusty
746,2025-04-01,1,23.2,Clear
747,2025-04-01,2,21.5,Clear
748,2025-04-01,3,19.5,Dusty
749,2025-04-01,4,23.4,Partly Cloudy
750,2025-04-01,5,21.2,Clear
751,2025-04-01,6,18.0,Dusty
752,2025-04-01,7,19.2,Partly Cloudy
753,2025-04-01,8,20.5,Partly Cloudy
754,2025-04-01,9,20.3,Clear
755,2025-04-01,10,13.4,Clear
756,2025-04-01,11,23.1,Partly Cloudy
757,2025-04-01,12,22.1,Dusty
758,2025-04-01,13,20.0,Clear
759,2025-04-01,14,22.3,Partly Cloudy
760,2025-04-01,15,21.7,Dusty
761,2025-04-01,16,20.5,Partly Cloudy
762,2025-04-01,17,20.5,Dusty
763,2025-04-01,18,20.0,Dusty
764,2025-04-01,19,22.3,Partly Cloudy
765,2025-04-01,20,20.8,Partly Cloudy
766,2025-04-01,21,23.4,Clear
767,2025-04-01,22,20.7,Clear
768,2025-04-01,23,19.7,Partly Cloudy
769,2025-04-02,0,22.6,Partly Cloudy
770,2025-04-02,1,20.6,Partly Cloudy
771,2025-04-02,2,19.4,Hot
772,2025-04-02,3,18.3,Clear
773,2025-04-02,4,24.1,Clear
774,2025-04-02,5,23.1,Clear
775,2025-04-02,6,21.2,Partly Cloudy
776,2025-04-02,7,18.2,Partly Cloudy
777,2025-04-02,8,27.5,Clear
778,2025-04-02,9,25.3,Hot
779,2025-04-02,10,24.1,Clear
780,2025-04-02,11,21.9,Mild
781,2025-04-02,12,19.7,Clear
782,2025-04-02,13,22.7,Partly Cloudy
783,2025-04-02,14,21.3,Clear
784,2025-04-02,15,21.3,Partly Cloudy
785,2025-04-02,16,19.0,Partly Cloudy
786,2025-04-02,17,20.3,Hot
787,2025-04-02,18,18.2,Clear
788,2025-04-02,19,22.7,Partly Cloudy
789,2025-04-02,20,19.5,Clear
790,2025-04-02,21,26.7,Mild
791,2025-04-02,22,18.4,Hot
792,2025-04-02,23,20.5,Clear
793,2025-04-03,0,25.2,Partly Cloudy
794,2025-04-03,1,17.3,Clear
795,2025-04-03,2,23.4,Clear
796,2025-04-03,3,16.8,Dusty
797,2025-04-03,4,20.0,Hot
798,2025-04-03,5,19.5,Clear
799,2025-04-03,6,19.1,Dusty
800,2025-04-03,7,24.1,Dusty
801,2025-04-03,8,23.6,Clear
802,2025-04-03,9,21.6,Partly Cloudy
803,2025-04-03,10,19.2,Clear
804,2025-04-03,11,14.4,Clear
805,2025-04-03,12,21.4,Dusty
806,2025-04-03,13,19.2,Hot
807,2025-04-03,14,17.0,Hot
808,2025-04-03,15,19.9,Clear
809,2025-04-03,16,19.8,Dusty
810,2025-04-03,17,18.6,Clear
811,2025-04-03,18,20.4,Partly Cloudy
812,2025-04-03,19,26.0,Partly Cloudy
813,2025-04-03,20,18.0,Clear
814,2025-04-03,21,22.3,Clear
815,2025-04-03,22,25.8,Partly Cloudy
816,2025-04-03,23,20.2,Partly Cloudy
817,2025-04-04,0,19.6,Partly Cloudy
818,2025-04-04,1,22.0,Clear
819,2025-04-04,2,19.0,Partly Cloudy
820,2025-04-04,3,19.9,Dusty
821,2025-04-04,4,14.6,Partly Cloudy
822,2025-04-04,5,18.3,Hot
823,2025-04-04,6,22.8,Partly Cloudy
824,2025-04-04,7,18.7,Partly Cloudy
825,2025-04-04,8,24.3,Partly Cloudy
826,2025-04-04,9,18.6,Partly Cloudy
827,2025-04-04,10,20.8,Clear
828,2025-04-04,11,15.9,Hot
829,2025-04-04,12,17.7,Clear
830,2025-04-04,13,17.1,Partly Cloudy
831,2025-04-04,14,18.4,Mild
832,2025-04-04,15,20.2,Clear
833,2025-04-04,16,16.4,Partly Cloudy
834,2025-04-04,17,14.5,Clear
835,2025-04-04,18,18.1,Partly Cloudy
836,2025-04-04,19,20.0,Clear
837,2025-04-04,20,22.5,Dusty
838,2025-04-04,21,14.2,Partly Cloudy
839,2025-04-04,22,12.2,Partly Cloudy
840,2025-04-04,23,16.1,Partly Cloudy
841,2025-04-05,0,21.7,Clear
842,2025-04-05,1,14.1,Partly Cloudy
843,2025-04-05,2,15.9,Clear
844,2025-04-05,3,22.3,Partly Cloudy
845,2025-04-05,4,16.6,Clear
846,2025-04-05,5,17.3,Hot
847,2025-04-05,6,18.0,Partly Cloudy
848,2025-04-05,7,19.7,Clear
849,2025-04-05,8,16.8,Hot
850,2025-04-05,9,11.7,Dusty
851,2025-04-05,10,16.8,Hot
852,2025-04-05,11,18.2,Clear
853,2025-04-05,12,8.6,Clear
854,2025-04-05,13,20.8,Partly Cloudy
855,2025-04-05,14,16.4,Clear
856,2025-04-05,15,12.0,Partly Cloudy
857,2025-04-05,16,15.5,Partly Cloudy
858,2025-04-05,17,22.1,Clear
859,2025-04-05,18,19.2,Dusty
860,2025-04-05,19,17.3,Clear
861,2025-04-05,20,16.4,Partly Cloudy
862,2025-04-05,21,10.1,Partly Cloudy
863,2025-04-05,22,16.5,Clear
864,2025-04-05,23,19.6,Partly Cloudy
865,2025-04-06,0,14.0,Clear
866,2025-04-06,1,18.2,Partly Cloudy
867,2025-04-06,2,14.1,Clear
868,2025-04-06,3,18.2,Partly Cloudy
869,2025-04-06,4,12.4,Clear
870,2025-04-06,5,17.5,Dusty
871,2025-04-06,6,12.2,Hot
872,2025-04-06,7,11.6,Dusty
873,2025-04-06,8,14.8,Mild
874,2025-04-06,9,15.2,Hot
875,2025-04-06,10,16.5,Clear
876,2025-04-06,11,13.2,Partly Cloudy
877,2025-04-06,12,14.6,Partly Cloudy
878,2025-04-06,13,15.8,Dusty
879,2025-04-06,14,19.4,Hot
880,2025-04-06,15,19.3,Clear
881,2025-04-06,16,16.2,Dusty
882,2025-04-06,17,20.3,Partly Cloudy
883,2025-04-06,18,15.6,Partly Cloudy
884,2025-04-06,19,22.4,Clear
885,2025-04-06,20,19.9,Hot
886,2025-04-06,21,14.4,Clear
887,2025-04-06,22,13.7,Dusty
888,2025-04-06,23,14.9,Clear
889,2025-04-07,0,18.8,Dusty
890,2025-04-07,1,13.1,Clear
891,2025-04-07,2,17.2,Dusty
892,2025-04-07,3,16.3,Clear
893,2025-04-07,4,19.4,Partly Cloudy
894,2025-04-07,5,12.5,Mild
895,2025-04-07,6,14.3,Dusty
896,2025-04-07,7,12.9,Partly Cloudy
897,2025-04-07,8,18.6,Clear
898,2025-04-07,9,21.5,Clear
899,2025-04-07,10,17.2,Partly Cloudy
900,2025-04-07,11,17.8,Clear
901,2025-04-07,12,13.1,Hot
902,2025-04-07,13,18.8,Dusty
903,2025-04-07,14,12.4,Partly Cloudy
904,2025-04-07,15,15.0,Dusty
905,2025-04-07,16,12.9,Partly Cloudy
906,2025-04-07,17,14.0,Clear
907,2025-04-07,18,16.5,Partly Cloudy
908,2025-04-07,19,19.0,Dusty
909,2025-04-07,20,11.4,Clear
910,2025-04-07,21,12.4,Partly Cloudy
911,2025-04-07,22,15.4,Clear
912,2025-04-07,23,14.5,Clear
913,2025-04-08,0,15.6,Dusty
914,2025-04-08,1,12.5,Clear
915,2025-04-08,2,12.9,Clear
916,2025-04-08,3,11.4,Clear
917,2025-04-08,4,15.8,Partly Cloudy
918,2025-04-08,5,12.8,Partly Cloudy
919,2025-04-08,6,16.4,Clear
920,2025-04-08,7,16.5,Clear
921,2025-04-08,8,15.0,Dusty
922,2025-04-08,9,18.0,Mild
923,2025-04-08,10,16.5,Hot
924,2025-04-08,11,18.2,Clear
925,2025-04-08,12,11.9,Clear
926,2025-04-08,13,17.1,Mild
927,2025-04-08,14,15.1,Dusty
928,2025-04-08,15,13.8,Hot
929,2025-04-08,16,19.4,Mild
930,2025-04-08,17,11.8,Mild
931,2025-04-08,18,14.1,Clear
932,2025-04-08,19,14.5,Partly Cloudy
933,2025-04-08,20,13.2,Partly Cloudy
934,2025-04-08,21,16.3,Partly Cloudy
935,2025-04-08,22,18.7,Partly Cloudy
936,2025-04-08,23,17.1,Partly Cloudy
937,2025-04-09,0,10.4,Partly Cloudy
938,2025-04-09,1,11.4,Clear
939,2025-04-09,2,16.6,Hot
940,2025-04-09,3,10.9,Partly Cloudy
941,2025-04-09,4,13.4,Clear
942,2025-04-09,5,10.4,Partly Cloudy
943,2025-04-09,6,7.5,Clear
944,2025-04-09,7,8.2,Clear
945,2025-04-09,8,11.4,Partly Cloudy
946,2025-04-09,9,15.5,Dusty
947,2025-04-09,10,13.9,Clear
948,2025-04-09,11,14.3,Partly Cloudy
949,2025-04-09,12,14.7,Clear
950,2025-04-09,13,13.1,Partly Cloudy
951,2025-04-09,14,16.7,Clear
952,2025-04-09,15,13.7,Hot
953,2025-04-09,16,13.8,Clear
954,2025-04-09,17,18.2,Clear
955,2025-04-09,18,12.3,Clear
956,2025-04-09,19,14.0,Partly Cloudy
957,2025-04-09,20,13.9,Dusty
958,2025-04-09,21,17.2,Partly Cloudy
959,2025-04-09,22,16.6,Clear
960,2025-04-09,23,9.8,Clear
961,2025-04-10,0,10.4,Hot
962,2025-04-10,1,13.3,Clear
963,2025-04-10,2,13.3,Hot
964,2025-04-10,3,18.7,Clear
965,2025-04-10,4,14.9,Dusty
966,2025-04-10,5,12.9,Clear
967,2025-04-10,6,14.8,Clear
968,2025-04-10,7,8.7,Clear
969,2025-04-10,8,14.0,Dusty
970,2025-04-10,9,14.6,Partly Cloudy
971,2025-04-10,10,6.5,Mild
972,2025-04-10,11,10.0,Partly Cloudy
973,2025-04-10,12,12.3,Partly Cloudy
974,2025-04-10,13,9.8,Clear
975,2025-04-10,14,12.4,Clear
976,2025-04-10,15,12.5,Clear
977,2025-04-10,16,8.4,Clear
978,2025-04-10,17,12.6,Dusty
979,2025-04-10,18,14.1,Dusty
980,2025-04-10,19,17.0,Dusty
981,2025-04-10,20,8.1,Hot
982,2025-04-10,21,9.4,Clear
983,2025-04-10,22,14.0,Partly Cloudy
984,2025-04-10,23,18.3,Dusty
985,2025-04-11,0,10.9,Clear
986,2025-04-11,1,12.8,Hot
987,2025-04-11,2,10.9,Dusty
988,2025-04-11,3,5.9,Mild
989,2025-04-11,4,9.3,Partly Cloudy
990,2025-04-11,5,14.7,Dusty
991,2025-04-11,6,11.7,Mild
992,2025-04-11,7,11.0,Clear
993,2025-04-11,8,11.7,Dusty
994,2025-04-11,9,10.7,Mild
995,2025-04-11,10,7.3,Clear
996,2025-04-11,11,8.3,Dusty
997,2025-04-11,12,11.2,Dusty
998,2025-04-11,13,10.9,Dusty
999,2025-04-11,14,7.2,Dusty
1000,2025-04-11,15,14.0,Partly Cloudy
1001,2025-04-11,16,14.5,Clear
1002,2025-04-11,17,14.8,Dusty
1003,2025-04-11,18,12.3,Partly Cloudy
1004,2025-04-11,19,15.2,Clear
1005,2025-04-11,20,10.8,Hot
1006,2025-04-11,21,8.1,Clear
1007,2025-04-11,22,9.1,Partly Cloudy
1008,2025-04-11,23,18.6,Mild
1009,2025-04-12,0,10.4,Partly Cloudy
1010,2025-04-12,1,8.5,Dusty
1011,2025-04-12,2,11.8,Clear
1012,2025-04-12,3,15.0,Dusty
1013,2025-04-12,4,13.2,Partly Cloudy
1014,2025-04-12,5,11.9,Dusty
1015,2025-04-12,6,14.4,Partly Cloudy
1016,2025-04-12,7,11.9,Partly Cloudy
1017,2025-04-12,8,8.3,Dusty
1018,2025-04-12,9,9.2,Clear
1019,2025-04-12,10,13.9,Clear
1020,2025-04-12,11,7.6,Partly Cloudy
1021,2025-04-12,12,10.2,Dusty
1022,2025-04-12,13,13.7,Partly Cloudy
1023,2025-04-12,14,9.9,Partly Cloudy
1024,2025-04-12,15,15.1,Clear
1025,2025-04-12,16,9.6,Clear
1026,2025-04-12,17,9.3,Hot
1027,2025-04-12,18,15.6,Clear
1028,2025-04-12,19,7.4,Clear
1029,2025-04-12,20,3.9,Partly Cloudy
1030,2025-04-12,21,9.0,Clear
1031,2025-04-12,22,11.3,Clear
1032,2025-04-12,23,11.6,Hot
1033,2025-04-13,0,14.2,Clear
1034,2025-04-13,1,11.4,Partly Cloudy
1035,2025-04-13,2,8.1,Clear
1036,2025-04-13,3,10.2,Clear
1037,2025-04-13,4,8.5,Partly Cloudy
1038,2025-04-13,5,9.3,Clear
1039,2025-04-13,6,13.7,Hot
1040,2025-04-13,7,11.2,Dusty
1041,2025-04-13,8,11.6,Dusty
1042,2025-04-13,9,16.3,Partly Cloudy
1043,2025-04-13,10,12.0,Dusty
1044,2025-04-13,11,7.9,Partly Cloudy
1045,2025-04-13,12,9.1,Clear
1046,2025-04-13,13,11.5,Hot
1047,2025-04-13,14,6.8,Clear
1048,2025-04-13,15,14.6,Clear
1049,2025-04-13,16,9.0,Partly Cloudy
1050,2025-04-13,17,7.7,Clear
1051,2025-04-13,18,11.7,Hot
1052,2025-04-13,19,16.4,Partly Cloudy
1053,2025-04-13,20,12.6,Dusty
1054,2025-04-13,21,14.7,Partly Cloudy
1055,2025-04-13,22,11.7,Hot
1056,2025-04-13,23,10.0,Partly Cloudy
1057,2025-04-14,0,10.9,Mild
1058,2025-04-14,1,12.1,Clear
1059,2025-04-14,2,13.2,Clear
1060,2025-04-14,3,8.3,Clear
1061,2025-04-14,4,9.4,Partly Cloudy
1062,2025-04-14,5,14.3,Clear
1063,2025-04-14,6,16.2,Clear
1064,2025-04-14,7,16.4,Partly Cloudy
1065,2025-04-14,8,18.7,Mild
1066,2025-04-14,9,15.2,Mild
1067,2025-04-14,10,4.8,Partly Cloudy
1068,2025-04-14,11,14.6,Dusty
1069,2025-04-14,12,8.3,Clear
1070,2025-04-14,13,12.9,Clear
1071,2025-04-14,14,8.0,Dusty
1072,2025-04-14,15,12.0,Partly Cloudy
1073,2025-04-14,16,12.7,Clear
1074,2025-04-14,17,13.2,Partly Cloudy
1075,2025-04-14,18,7.0,Partly Cloudy
1076,2025-04-14,19,13.0,Clear
1077,2025-04-14,20,12.4,Hot
1078,2025-04-14,21,8.5,Partly Cloudy
1079,2025-04-14,22,16.9,Mild
1080,2025-04-14,23,12.2,Partly Cloudy
1081,2025-04-15,0,9.3,Partly Cloudy
1082,2025-04-15,1,10.1,Partly Cloudy
1083,2025-04-15,2,13.3,Partly Cloudy
1084,2025-04-15,3,7.5,Hot
1085,2025-04-15,4,6.9,Dusty
1086,2025-04-15,5,12.2,Clear
1087,2025-04-15,6,7.8,Partly Cloudy
1088,2025-04-15,7,19.1,Dusty
1089,2025-04-15,8,13.7,Clear
1090,2025-04-15,9,13.9,Partly Cloudy
1091,2025-04-15,10,14.3,Clear
1092,2025-04-15,11,11.4,Partly Cloudy
1093,2025-04-15,12,8.3,Clear
1094,2025-04-15,13,9.0,Clear
1095,2025-04-15,14,13.6,Mild
1096,2025-04-15,15,9.2,Clear
1097,2025-04-15,16,7.3,Hot
1098,2025-04-15,17,13.6,Partly Cloudy
1099,2025-04-15,18,15.8,Partly Cloudy
1100,2025-04-15,19,7.4,Clear
1101,2025-04-15,20,12.9,Hot
1102,2025-04-15,21,11.6,Clear
1103,2025-04-15,22,13.3,Partly Cloudy
1104,2025-04-15,23,11.6,Partly Cloudy
1105,2025-04-16,0,12.6,Clear
1106,2025-04-16,1,11.9,Partly Cloudy
1107,2025-04-16,2,14.6,Clear
1108,2025-04-16,3,12.4,Partly Cloudy
1109,2025-04-16,4,9.9,Mild
1110,2025-04-16,5,4.9,Partly Cloudy
1111,2025-04-16,6,12.2,Dusty
1112,2025-04-16,7,9.4,Clear
1113,2025-04-16,8,8.2,Partly Cloudy
1114,2025-04-16,9,9.0,Partly Cloudy
1115,2025-04-16,10,12.6,Partly Cloudy
1116,2025-04-16,11,16.1,Clear
1117,2025-04-16,12,15.7,Hot
1118,2025-04-16,13,16.2,Dusty
1119,2025-04-16,14,12.3,Partly Cloudy
1120,2025-04-16,15,9.6,Partly Cloudy
1121,2025-04-16,16,10.1,Clear
1122,2025-04-16,17,10.3,Dusty
1123,2025-04-16,18,12.9,Hot
1124,2025-04-16,19,10.6,Clear
1125,2025-04-16,20,11.2,Partly Cloudy
1126,2025-04-16,21,11.8,Partly Cloudy
1127,2025-04-16,22,11.1,Dusty
1128,2025-04-16,23,5.7,Clear
1129,2025-04-17,0,12.7,Clear
1130,2025-04-17,1,13.6,Clear
1131,2025-04-17,2,12.5,Clear
1132,2025-04-17,3,11.3,Clear
1133,2025-04-17,4,5.7,Partly Cloudy
1134,2025-04-17,5,18.4,Mild
1135,2025-04-17,6,7.9,Clear
1136,2025-04-17,7,9.8,Partly Cloudy
1137,2025-04-17,8,10.1,Clear
1138,2025-04-17,9,14.9,Clear
1139,2025-04-17,10,11.2,Partly Cloudy
1140,2025-04-17,11,10.9,Clear
1141,2025-04-17,12,10.3,Clear
1142,2025-04-17,13,10.4,Hot
1143,2025-04-17,14,12.5,Clear
1144,2025-04-17,15,11.7,Dusty
1145,2025-04-17,16,11.3,Partly Cloudy
1146,2025-04-17,17,15.7,Partly Cloudy
1147,2025-04-17,18,10.9,Clear
1148,2025-04-17,19,16.9,Clear
1149,2025-04-17,20,8.6,Clear
1150,2025-04-17,21,8.7,Partly Cloudy
1151,2025-04-17,22,18.7,Dusty
1152,2025-04-17,23,11.3,Partly Cloudy
1153,2025-04-18,0,14.3,Partly Cloudy
1154,2025-04-18,1,7.8,Clear
1155,2025-04-18,2,11.6,Partly Cloudy
1156,2025-04-18,3,10.6,Clear
1157,2025-04-18,4,11.1,Clear
1158,2025-04-18,5,14.4,Clear
1159,2025-04-18,6,11.4,Clear
1160,2025-04-18,7,11.8,Dusty
1161,2025-04-18,8,13.9,Clear
1162,2025-04-18,9,11.9,Clear
1163,2025-04-18,10,18.7,Clear
1164,2025-04-18,11,14.0,Clear
1165,2025-04-18,12,11.2,Partly Cloudy
1166,2025-04-18,13,14.7,Dusty
1167,2025-04-18,14,14.7,Clear
1168,2025-04-18,15,11.1,Dusty
1169,2025-04-18,16,11.6,Clear
1170,2025-04-18,17,15.0,Partly Cloudy
1171,2025-04-18,18,11.4,Dusty
1172,2025-04-18,19,8.4,Clear
1173,2025-04-18,20,11.5,Partly Cloudy
1174,2025-04-18,21,10.0,Clear
1175,2025-04-18,22,15.3,Partly Cloudy
1176,2025-04-18,23,14.5,Clear
1177,2025-04-19,0,12.8,Partly Cloudy
1178,2025-04-19,1,7.2,Hot
1179,2025-04-19,2,10.5,Clear
1180,2025-04-19,3,12.2,Clear
1181,2025-04-19,4,10.9,Clear
1182,2025-04-19,5,12.1,Dusty
1183,2025-04-19,6,7.1,Clear
1184,2025-04-19,7,19.3,Partly Cloudy
1185,2025-04-19,8,15.5,Clear
1186,2025-04-19,9,11.3,Partly Cloudy
1187,2025-04-19,10,17.6,Clear
1188,2025-04-19,11,9.4,Partly Cloudy
1189,2025-04-19,12,13.6,Dusty
1190,2025-04-19,13,11.0,Dusty
1191,2025-04-19,14,16.5,Hot
1192,2025-04-19,15,14.2,Dusty
1193,2025-04-19,16,16.5,Hot
1194,2025-04-19,17,12.8,Clear
1195,2025-04-19,18,5.8,Partly Cloudy
1196,2025-04-19,19,11.9,Dusty
1197,2025-04-19,20,12.7,Dusty
1198,2025-04-19,21,10.6,Hot
1199,2025-04-19,22,9.4,Partly Cloudy
1200,2025-04-19,23,16.0,Partly Cloudy
1201,2025-04-20,0,15.4,Partly Cloudy
1202,2025-04-20,1,9.2,Hot
1203,2025-04-20,2,7.8,Clear
1204,2025-04-20,3,14.4,Partly Cloudy
1205,2025-04-20,4,10.9,Clear
1206,2025-04-20,5,6.6,Clear
1207,2025-04-20,6,7.7,Dusty
1208,2025-04-20,7,12.4,Clear
1209,2025-04-20,8,15.2,Partly Cloudy
1210,2025-04-20,9,7.7,Clear
1211,2025-04-20,10,12.8,Clear
1212,2025-04-20,11,19.8,Mild
1213,2025-04-20,12,6.5,Partly Cloudy
1214,2025-04-20,13,8.6,Clear
1215,2025-04-20,14,10.0,Clear
1216,2025-04-20,15,8.9,Partly Cloudy
1217,2025-04-20,16,18.4,Partly Cloudy
1218,2025-04-20,17,11.8,Dusty
1219,2025-04-20,18,12.1,Clear
1220,2025-04-20,19,13.1,Clear
1221,2025-04-20,20,3.2,Dusty
1222,2025-04-20,21,9.6,Partly Cloudy
1223,2025-04-20,22,17.3,Clear
1224,2025-04-20,23,16.1,Partly Cloudy
1225,2025-04-21,0,11.8,Clear
1226,2025-04-21,1,9.7,Clear
1227,2025-04-21,2,11.3,Clear
1228,2025-04-21,3,15.6,Partly Cloudy
1229,2025-04-21,4,13.4,Partly Cloudy
1230,2025-04-21,5,15.9,Hot
1231,2025-04-21,6,10.0,Dusty
1232,2025-04-21,7,12.7,Dusty
1233,2025-04-21,8,17.4,Dusty
1234,2025-04-21,9,10.3,Partly Cloudy
1235,2025-04-21,10,8.3,Dusty
1236,2025-04-21,11,16.6,Clear
1237,2025-04-21,12,13.6,Dusty
1238,2025-04-21,13,14.0,Partly Cloudy
1239,2025-04-21,14,9.5,Clear
1240,2025-04-21,15,10.5,Clear
1241,2025-04-21,16,12.6,Partly Cloudy
1242,2025-04-21,17,10.0,Clear
1243,2025-04-21,18,16.8,Partly Cloudy
1244,2025-04-21,19,18.3,Hot
1245,2025-04-21,20,15.5,Partly Cloudy
1246,2025-04-21,21,11.1,Mild
1247,2025-04-21,22,14.7,Dusty
1248,2025-04-21,23,9.1,Clear
1249,2025-04-22,0,15.5,Mild
1250,2025-04-22,1,14.5,Clear
1251,2025-04-22,2,12.5,Partly Cloudy
1252,2025-04-22,3,15.3,Partly Cloudy
1253,2025-04-22,4,11.9,Partly Cloudy
1254,2025-04-22,5,14.3,Partly Cloudy
1255,2025-04-22,6,20.9,Dusty
1256,2025-04-22,7,19.0,Partly Cloudy
1257,2025-04-22,8,13.7,Hot
1258,2025-04-22,9,12.0,Clear
1259,2025-04-22,10,13.5,Clear
1260,2025-04-22,11,11.7,Partly Cloudy
1261,2025-04-22,12,13.0,Dusty
1262,2025-04-22,13,10.4,Clear
1263,2025-04-22,14,14.6,Partly Cloudy
1264,2025-04-22,15,15.2,Hot
1265,2025-04-22,16,10.0,Dusty
1266,2025-04-22,17,14.5,Dusty
1267,2025-04-22,18,14.1,Partly Cloudy
1268,2025-04-22,19,14.6,Partly Cloudy
1269,2025-04-22,20,15.3,Partly Cloudy
1270,2025-04-22,21,15.5,Dusty
1271,2025-04-22,22,17.6,Partly Cloudy
1272,2025-04-22,23,18.5,Clear
1273,2025-04-23,0,17.2,Partly Cloudy
1274,2025-04-23,1,14.0,Clear
1275,2025-04-23,2,12.9,Mild
1276,2025-04-23,3,15.3,Partly Cloudy
1277,2025-04-23,4,15.9,Clear
1278,2025-04-23,5,13.9,Clear
1279,2025-04-23,6,19.6,Hot
1280,2025-04-23,7,14.2,Dusty
1281,2025-04-23,8,16.7,Clear
1282,2025-04-23,9,15.4,Partly Cloudy
1283,2025-04-23,10,14.0,Hot
1284,2025-04-23,11,12.1,Partly Cloudy
1285,2025-04-23,12,13.1,Partly Cloudy
1286,2025-04-23,13,18.6,Clear
1287,2025-04-23,14,9.7,Dusty
1288,2025-04-23,15,15.4,Partly Cloudy
1289,2025-04-23,16,15.3,Partly Cloudy
1290,2025-04-23,17,9.0,Clear
1291,2025-04-23,18,11.9,Clear
1292,2025-04-23,19,17.3,Partly Cloudy
1293,2025-04-23,20,15.5,Clear
1294,2025-04-23,21,18.0,Clear
1295,2025-04-23,22,13.1,Partly Cloudy
1296,2025-04-23,23,16.6,Clear
1297,2025-04-24,0,14.5,Partly Cloudy
1298,2025-04-24,1,11.5,Partly Cloudy
1299,2025-04-24,2,10.3,Mild
1300,2025-04-24,3,17.1,Hot
1301,2025-04-24,4,11.4,Clear
1302,2025-04-24,5,13.1,Partly Cloudy
1303,2025-04-24,6,15.7,Hot
1304,2025-04-24,7,9.3,Clear
1305,2025-04-24,8,10.8,Partly Cloudy
1306,2025-04-24,9,11.7,Clear
1307,2025-04-24,10,15.2,Clear
1308,2025-04-24,11,19.7,Mild
1309,2025-04-24,12,16.7,Clear
1310,2025-04-24,13,16.5,Clear
1311,2025-04-24,14,17.1,Clear
1312,2025-04-24,15,22.2,Clear
1313,2025-04-24,16,11.8,Hot
1314,2025-04-24,17,17.8,Clear
1315,2025-04-24,18,16.0,Partly Cloudy
1316,2025-04-24,19,18.9,Partly Cloudy
1317,2025-04-24,20,18.4,Dusty
1318,2025-04-24,21,19.3,Dusty
1319,2025-04-24,22,16.4,Partly Cloudy
1320,2025-04-24,23,16.0,Hot
1321,2025-04-25,0,16.0,Dusty
1322,2025-04-25,1,18.8,Partly Cloudy
1323,2025-04-25,2,14.0,Clear
1324,2025-04-25,3,16.9,Clear
1325,2025-04-25,4,15.2,Partly Cloudy
1326,2025-04-25,5,16.3,Hot
1327,2025-04-25,6,16.1,Clear
1328,2025-04-25,7,18.3,Clear
1329,2025-04-25,8,15.4,Clear
1330,2025-04-25,9,15.5,Clear
1331,2025-04-25,10,18.5,Partly Cloudy
1332,2025-04-25,11,12.2,Partly Cloudy
1333,2025-04-25,12,18.0,Clear
1334,2025-04-25,13,17.8,Clear
1335,2025-04-25,14,20.3,Clear
1336,2025-04-25,15,17.0,Clear
1337,2025-04-25,16,14.4,Dusty
1338,2025-04-25,17,22.5,Partly Cloudy
1339,2025-04-25,18,20.1,Clear
1340,2025-04-25,19,18.8,Partly Cloudy
1341,2025-04-25,20,16.8,Dusty
1342,2025-04-25,21,20.0,Dusty
1343,2025-04-25,22,14.2,Dusty
1344,2025-04-25,23,16.2,Clear
1345,2025-04-26,0,16.5,Clear
1346,2025-04-26,1,15.7,Partly Cloudy
1347,2025-04-26,2,22.2,Clear
1348,2025-04-26,3,16.2,Dusty
1349,2025-04-26,4,14.8,Clear
1350,2025-04-26,5,21.4,Hot
1351,2025-04-26,6,18.6,Partly Cloudy
1352,2025-04-26,7,15.0,Mild
1353,2025-04-26,8,16.4,Partly Cloudy
1354,2025-04-26,9,20.4,Partly Cloudy
1355,2025-04-26,10,17.4,Clear
1356,2025-04-26,11,16.8,Clear
1357,2025-04-26,12,17.2,Hot
1358,2025-04-26,13,24.4,Dusty
1359,2025-04-26,14,23.3,Clear
1360,2025-04-26,15,17.8,Mild
1361,2025-04-26,16,17.2,Partly Cloudy
1362,2025-04-26,17,16.6,Partly Cloudy
1363,2025-04-26,18,12.9,Clear
1364,2025-04-26,19,14.7,Hot
1365,2025-04-26,20,16.4,Partly Cloudy
1366,2025-04-26,21,16.9,Clear
1367,2025-04-26,22,16.3,Partly Cloudy
1368,2025-04-26,23,13.8,Clear
1369,2025-04-27,0,24.4,Dusty
1370,2025-04-27,1,23.2,Clear
1371,2025-04-27,2,12.6,Dusty
1372,2025-04-27,3,24.0,Partly Cloudy
1373,2025-04-27,4,16.5,Clear
1374,2025-04-27,5,21.7,Hot
1375,2025-04-27,6,23.6,Partly Cloudy
1376,2025-04-27,7,17.4,Clear
1377,2025-04-27,8,20.9,Dusty
1378,2025-04-27,9,24.7,Hot
1379,2025-04-27,10,18.4,Partly Cloudy
1380,2025-04-27,11,19.5,Clear
1381,2025-04-27,12,10.2,Mild
1382,2025-04-27,13,18.3,Partly Cloudy
1383,2025-04-27,14,18.7,Partly Cloudy
1384,2025-04-27,15,19.5,Partly Cloudy
1385,2025-04-27,16,16.8,Partly Cloudy
1386,2025-04-27,17,18.4,Mild
1387,2025-04-27,18,20.2,Partly Cloudy
1388,2025-04-27,19,19.8,Partly Cloudy
1389,2025-04-27,20,24.0,Dusty
1390,2025-04-27,21,12.5,Clear
1391,2025-04-27,22,15.6,Clear
1392,2025-04-27,23,18.4,Dusty
1393,2025-04-28,0,25.2,Hot
1394,2025-04-28,1,21.3,Partly Cloudy
1395,2025-04-28,2,21.1,Hot
1396,2025-04-28,3,15.9,Clear
1397,2025-04-28,4,21.0,Dusty
1398,2025-04-28,5,22.6,Clear
1399,2025-04-28,6,20.4,Partly Cloudy
1400,2025-04-28,7,19.4,Clear
1401,2025-04-28,8,14.8,Partly Cloudy
1402,2025-04-28,9,17.0,Clear
1403,2025-04-28,10,27.3,Clear
1404,2025-04-28,11,24.5,Clear
1405,2025-04-28,12,15.1,Clear
1406,2025-04-28,13,19.7,Dusty
1407,2025-04-28,14,17.3,Clear
1408,2025-04-28,15,18.9,Partly Cloudy
1409,2025-04-28,16,17.3,Clear
1410,2025-04-28,17,23.8,Clear
1411,2025-04-28,18,20.9,Hot
1412,2025-04-28,19,23.3,Partly Cloudy
1413,2025-04-28,20,21.6,Hot
1414,2025-04-28,21,18.9,Dusty
1415,2025-04-28,22,19.2,Clear
1416,2025-04-28,23,18.8,Partly Cloudy
1417,2025-04-29,0,18.8,Clear
1418,2025-04-29,1,18.9,Clear
1419,2025-04-29,2,23.6,Clear
1420,2025-04-29,3,18.6,Mild
1421,2025-04-29,4,20.3,Clear
1422,2025-04-29,5,23.8,Partly Cloudy
1423,2025-04-29,6,21.4,Clear
1424,2025-04-29,7,14.7,Clear
1425,2025-04-29,8,17.7,Hot
1426,2025-04-29,9,22.1,Partly Cloudy
1427,2025-04-29,10,21.0,Clear
1428,2025-04-29,11,20.1,Clear
1429,2025-04-29,12,21.7,Clear
1430,2025-04-29,13,22.9,Partly Cloudy
1431,2025-04-29,14,22.9,Clear
1432,2025-04-29,15,17.5,Partly Cloudy
1433,2025-04-29,16,18.0,Clear
1434,2025-04-29,17,24.7,Clear
1435,2025-04-29,18,22.7,Dusty
1436,2025-04-29,19,22.9,Clear
1437,2025-04-29,20,19.9,Clear
1438,2025-04-29,21,21.9,Dusty
1439,2025-04-29,22,24.1,Clear
1440,2025-04-29,23,20.0,Partly Cloudy
1441,2025-04-30,0,16.7,Partly Cloudy
1442,2025-04-30,1,24.2,Dusty
1443,2025-04-30,2,20.4,Partly Cloudy
1444,2025-04-30,3,19.9,Partly Cloudy
1445,2025-04-30,4,25.5,Clear
1446,2025-04-30,5,20.4,Hot
1447,2025-04-30,6,22.1,Partly Cloudy
1448,2025-04-30,7,27.7,Clear
1449,2025-04-30,8,18.9,Partly Cloudy
1450,2025-04-30,9,25.0,Partly Cloudy
1451,2025-04-30,10,22.4,Clear
1452,2025-04-30,11,21.4,Partly Cloudy
1453,2025-04-30,12,21.5,Clear
1454,2025-04-30,13,16.9,Clear
1455,2025-04-30,14,21.8,Dusty
1456,2025-04-30,15,15.1,Dusty
1457,2025-04-30,16,23.0,Partly Cloudy
1458,2025-04-30,17,22.5,Dusty
1459,2025-04-30,18,24.3,Clear
1460,2025-04-30,19,22.3,Clear
1461,2025-04-30,20,23.2,Clear
1462,2025-04-30,21,25.9,Dusty
1463,2025-04-30,22,21.8,Clear
1464,2025-04-30,23,19.7,Clear
